Name,ENSEMBL ID,log2FoldChange,p value,p adj
FAM71A,ENSG00000162771,2.02,2.99E-05,7.27E-03
P2RY14,ENSG00000174944,1.98,7.91E-06,1.28E-02
CAB39L,ENSG00000102547,1.65,3.18E-03,6.98E-02
FAM98B,ENSG00000171262,1.60,1.24E-05,1.73E-02
CFAP100,ENSG00000163885,1.57,1.77E-03,8.52E-02
ZFYVE16,ENSG00000039319,1.56,1.24E-05,3.43E-03
MUC16,ENSG00000181143,1.53,8.73E-04,3.76E-02
TNFSF15,ENSG00000181634,1.50,8.12E-04,3.37E-02
GBP5,ENSG00000154451,1.47,5.40E-05,8.13E-03
ERBIN,ENSG00000112851,1.45,1.29E-05,4.13E-03
MUC4,ENSG00000145113,1.37,4.23E-03,8.21E-02
OCLN,ENSG00000197822,1.35,3.38E-04,2.59E-02
TLDC2,ENSG00000101342,1.34,4.18E-04,4.91E-02
PCM1,ENSG00000078674,1.32,2.42E-06,1.12E-03
CLEC12B,ENSG00000256660,1.29,2.84E-03,6.67E-02
EPSTI1,ENSG00000133106,1.27,6.95E-04,3.60E-02
PATL2,ENSG00000229474,1.21,6.39E-07,9.55E-04
DDX60,ENSG00000137628,1.21,8.20E-04,3.61E-02
SGTB,ENSG00000197860,1.20,8.23E-04,3.38E-02
CDHR3,ENSG00000128536,1.15,6.79E-03,9.33E-02
IDO1,ENSG00000131203,1.10,1.92E-03,5.24E-02
BRCA2,ENSG00000139618,1.09,1.05E-03,6.80E-02
BTN3A1,ENSG00000026950,1.08,2.62E-04,3.58E-02
CNNM2,ENSG00000148842,1.08,3.63E-06,6.79E-03
AC021087.5,ENSG00000286001,1.07,6.50E-04,3.93E-02
SNAPC1,ENSG00000023608,1.06,1.57E-03,4.83E-02
SLC23A2,ENSG00000089057,1.06,6.33E-06,6.56E-03
SPTBN1,ENSG00000115306,1.06,1.61E-04,2.93E-02
TGS1,ENSG00000137574,1.05,9.57E-05,2.83E-02
TRPM7,ENSG00000092439,1.05,6.42E-05,9.10E-03
HLA-G,ENSG00000204632,1.04,2.90E-03,7.90E-02
UQCRC2,ENSG00000140740,1.02,1.23E-04,1.26E-02
KY,ENSG00000174611,1.01,2.51E-03,6.42E-02
RIMKLB,ENSG00000166532,1.01,1.90E-04,4.59E-02
CIR1,ENSG00000138433,1.01,3.31E-04,2.28E-02
FAM185A,ENSG00000222011,0.99,2.93E-05,6.50E-03
FCHSD2,ENSG00000137478,0.99,1.95E-04,1.95E-02
CD274,ENSG00000120217,0.99,4.66E-03,8.52E-02
SLC7A11,ENSG00000151012,0.97,5.93E-03,9.11E-02
SLC17A5,ENSG00000119899,0.95,1.91E-04,3.76E-02
CEPT1,ENSG00000134255,0.94,9.73E-04,3.61E-02
RRN3,ENSG00000085721,0.94,1.62E-03,4.91E-02
ZNF117,ENSG00000152926,0.93,2.80E-03,6.77E-02
FCGR1B,ENSG00000198019,0.92,3.66E-03,6.77E-02
DMXL2,ENSG00000104093,0.91,1.94E-03,4.91E-02
MYOF,ENSG00000138119,0.91,1.38E-03,4.70E-02
IFIH1,ENSG00000115267,0.90,2.86E-03,6.27E-02
UVRAG,ENSG00000198382,0.90,2.48E-04,2.27E-02
STAT1,ENSG00000115415,0.89,4.49E-04,2.61E-02
VPS13D,ENSG00000048707,0.88,1.36E-03,4.13E-02
KATNBL1,ENSG00000134152,0.87,6.91E-03,8.94E-02
PIK3IP1,ENSG00000100100,0.85,8.49E-04,3.76E-02
CLEC2D,ENSG00000069493,0.85,4.02E-03,7.65E-02
TRIM33,ENSG00000197323,0.83,1.77E-03,5.46E-02
LOXL4,ENSG00000138131,0.82,1.23E-03,5.30E-02
SP140,ENSG00000079263,0.82,1.34E-03,4.11E-02
PHF11,ENSG00000136147,0.82,7.32E-04,3.23E-02
DRAM2,ENSG00000156171,0.81,5.77E-03,8.45E-02
SGK1,ENSG00000118515,0.79,4.21E-03,7.87E-02
TTC21A,ENSG00000168026,0.79,8.35E-03,9.49E-02
WASHC5,ENSG00000164961,0.78,3.69E-03,7.72E-02
PNISR,ENSG00000132424,0.77,4.52E-03,8.19E-02
CEP83,ENSG00000173588,0.76,6.80E-03,9.72E-02
PARP14,ENSG00000173193,0.75,8.21E-03,9.41E-02
WARS1,ENSG00000140105,0.75,6.07E-03,9.21E-02
DDHD1,ENSG00000100523,0.73,6.20E-03,8.94E-02
KIAA0319,ENSG00000137261,0.73,1.80E-03,8.50E-02
CDR2,ENSG00000140743,0.73,1.64E-03,5.00E-02
TLK1,ENSG00000198586,0.72,2.77E-03,5.73E-02
ZC3H11A,ENSG00000058673,0.72,5.67E-03,9.22E-02
NPIPB5,ENSG00000243716,0.71,3.73E-03,6.80E-02
SLC20A1,ENSG00000144136,0.71,2.01E-03,5.09E-02
DTNB,ENSG00000138101,0.69,6.96E-04,3.51E-02
ZFYVE26,ENSG00000072121,0.69,3.29E-03,7.03E-02
SETDB2,ENSG00000136169,0.68,3.86E-03,6.77E-02
MUC20,ENSG00000176945,0.68,6.78E-03,8.65E-02
PDE7A,ENSG00000205268,0.68,4.18E-03,8.17E-02
CDC14A,ENSG00000079335,0.67,3.42E-04,5.22E-02
SERINC5,ENSG00000164300,0.66,3.39E-04,2.42E-02
N4BP2L2,ENSG00000244754,0.65,5.95E-03,9.12E-02
TRAFD1,ENSG00000135148,0.61,5.88E-03,9.05E-02
ANKHD1,ENSG00000131503,0.61,3.95E-03,7.71E-02
EFR3A,ENSG00000132294,0.59,7.09E-03,9.96E-02
GNPTAB,ENSG00000111670,0.58,9.76E-04,3.74E-02
SMG1,ENSG00000157106,0.58,2.29E-03,5.92E-02
EIF5,ENSG00000100664,0.58,4.63E-03,7.87E-02
ACOT9,ENSG00000123130,0.55,5.22E-03,8.65E-02
HNRNPLL,ENSG00000143889,0.53,8.42E-03,9.93E-02
TSC1,ENSG00000165699,0.52,5.70E-03,8.11E-02
SATB1,ENSG00000182568,0.51,6.25E-03,9.67E-02
ERAP1,ENSG00000164307,0.50,6.91E-03,9.36E-02
FMR1,ENSG00000102081,0.46,5.14E-03,8.60E-02
PRPF8,ENSG00000174231,0.45,1.15E-03,4.12E-02
PRR14L,ENSG00000183530,0.43,6.92E-03,9.02E-02
SNRNP200,ENSG00000144028,0.30,7.77E-03,1.00E-01
XKR3,ENSG00000172967,0.29,8.31E-04,4.08E-02
C10orf90,ENSG00000154493,0.26,1.80E-03,7.36E-02
DEFB115,ENSG00000215547,0.21,1.61E-10,7.16E-07
WHAMM,ENSG00000156232,0.01,8.21E-04,3.74E-02
F8A2,ENSG00000274791,-0.10,2.63E-14,1.32E-09
AC009133.6,ENSG00000280893,-0.26,2.11E-03,7.80E-02
ABCG4,ENSG00000172350,-0.27,3.14E-03,7.51E-02
EIF2S3B,ENSG00000180574,-0.31,6.11E-03,8.57E-02
AC037459.1,ENSG00000248235,-0.38,3.40E-03,9.54E-02
SLC25A3,ENSG00000075415,-0.41,6.20E-03,8.45E-02
DUSP22,ENSG00000112679,-0.43,2.17E-03,5.31E-02
C11orf58,ENSG00000110696,-0.49,5.90E-03,8.78E-02
C9orf78,ENSG00000136819,-0.50,1.49E-03,4.45E-02
CEMP1,ENSG00000205923,-0.50,3.30E-03,5.84E-02
PGAP6,ENSG00000129925,-0.51,3.87E-03,7.45E-02
CLN8,ENSG00000182372,-0.51,7.52E-03,9.34E-02
FXYD5,ENSG00000089327,-0.52,7.68E-03,9.18E-02
UBE2F,ENSG00000184182,-0.53,1.51E-03,4.91E-02
ZNF330,ENSG00000109445,-0.54,2.06E-03,6.98E-02
KXD1,ENSG00000105700,-0.54,1.00E-03,3.83E-02
TADA3,ENSG00000171148,-0.54,2.41E-03,5.88E-02
ARID3B,ENSG00000179361,-0.55,1.51E-03,5.92E-02
SEC11A,ENSG00000140612,-0.55,2.63E-03,5.93E-02
PAFAH1B2,ENSG00000168092,-0.55,5.61E-04,3.11E-02
IGF1R,ENSG00000140443,-0.55,6.40E-03,8.52E-02
RAB13,ENSG00000143545,-0.55,6.99E-03,9.92E-02
RAB1B,ENSG00000174903,-0.55,4.08E-03,6.92E-02
SPAG7,ENSG00000091640,-0.55,8.98E-05,1.00E-02
NARF,ENSG00000141562,-0.56,3.07E-03,6.72E-02
KRT74,ENSG00000170484,-0.56,1.02E-02,9.97E-02
EMC4,ENSG00000128463,-0.57,1.70E-03,4.99E-02
ARF1,ENSG00000143761,-0.58,2.82E-03,5.78E-02
TBCB,ENSG00000105254,-0.59,6.92E-03,9.36E-02
DBNL,ENSG00000136279,-0.59,8.12E-03,9.61E-02
MPZL1,ENSG00000197965,-0.59,6.53E-03,9.18E-02
KAT8,ENSG00000103510,-0.59,4.33E-04,2.71E-02
MAPKAPK3,ENSG00000114738,-0.59,4.58E-03,8.09E-02
KCNE3,ENSG00000175538,-0.59,5.82E-03,8.90E-02
PPP3CA,ENSG00000138814,-0.60,7.52E-03,9.34E-02
FGF13,ENSG00000129682,-0.60,7.46E-03,9.34E-02
CNPPD1,ENSG00000115649,-0.61,5.41E-03,8.83E-02
PSMF1,ENSG00000125818,-0.61,1.96E-03,5.54E-02
EEF1D,ENSG00000104529,-0.62,5.98E-03,9.16E-02
NFKBIB,ENSG00000104825,-0.62,1.65E-03,4.91E-02
PPP1CA,ENSG00000172531,-0.62,6.15E-03,9.24E-02
EXTL3,ENSG00000012232,-0.62,6.31E-03,9.22E-02
GMEB2,ENSG00000101216,-0.63,1.71E-03,9.24E-02
LAMTOR4,ENSG00000188186,-0.63,3.57E-03,7.61E-02
FCGRT,ENSG00000104870,-0.63,4.33E-03,7.73E-02
RAB4B,ENSG00000167578,-0.63,4.31E-03,7.90E-02
RALBP1,ENSG00000017797,-0.64,5.56E-04,3.16E-02
SORT1,ENSG00000134243,-0.64,5.41E-03,8.65E-02
SLC36A4,ENSG00000180773,-0.64,8.92E-03,9.92E-02
CYB5R3,ENSG00000100243,-0.64,1.76E-04,1.80E-02
WDTC1,ENSG00000142784,-0.64,9.28E-04,6.44E-02
NKAP,ENSG00000101882,-0.64,1.18E-03,9.19E-02
MICAL2,ENSG00000133816,-0.64,3.45E-03,7.43E-02
PXK,ENSG00000168297,-0.64,6.07E-03,9.05E-02
TAF8,ENSG00000137413,-0.65,3.96E-04,4.23E-02
THOC5,ENSG00000100296,-0.65,2.80E-03,6.19E-02
ARPC1B,ENSG00000130429,-0.65,1.03E-03,4.08E-02
SAV1,ENSG00000151748,-0.66,2.35E-04,3.55E-02
TACC3,ENSG00000013810,-0.66,7.62E-03,9.92E-02
TXNL4A,ENSG00000141759,-0.66,7.61E-05,2.04E-02
TRIR,ENSG00000123144,-0.66,3.96E-03,6.80E-02
MYO1G,ENSG00000136286,-0.66,5.64E-03,8.64E-02
WDR13,ENSG00000101940,-0.67,4.06E-03,7.45E-02
TWF2,ENSG00000247596,-0.67,3.91E-03,7.30E-02
FURIN,ENSG00000140564,-0.67,3.96E-03,6.80E-02
MAML1,ENSG00000161021,-0.68,1.05E-03,4.08E-02
PRKACA,ENSG00000072062,-0.68,1.76E-03,5.43E-02
PLIN3,ENSG00000105355,-0.68,4.05E-04,2.74E-02
NCOA2,ENSG00000140396,-0.68,5.89E-03,8.94E-02
SERPINB8,ENSG00000166401,-0.68,2.43E-03,5.79E-02
VPS28,ENSG00000160948,-0.69,5.92E-05,8.22E-03
MRVI1,ENSG00000072952,-0.70,5.81E-03,9.03E-02
MLKL,ENSG00000168404,-0.70,5.68E-03,9.22E-02
GUK1,ENSG00000143774,-0.70,4.47E-03,7.36E-02
AP3B2,ENSG00000103723,-0.71,1.39E-03,7.81E-02
MSRA,ENSG00000175806,-0.71,2.22E-04,2.12E-02
RILPL2,ENSG00000150977,-0.71,2.03E-03,5.62E-02
ARRB2,ENSG00000141480,-0.71,5.60E-03,9.04E-02
MSN,ENSG00000147065,-0.71,7.91E-04,3.58E-02
CLIC1,ENSG00000213719,-0.72,5.28E-03,8.65E-02
DEF8,ENSG00000140995,-0.72,3.45E-03,7.17E-02
UBXN6,ENSG00000167671,-0.72,1.43E-03,4.38E-02
ITGB2,ENSG00000160255,-0.72,5.59E-03,8.21E-02
PINK1,ENSG00000158828,-0.72,4.97E-04,3.11E-02
TBC1D10B,ENSG00000169221,-0.72,2.43E-03,5.88E-02
OSCAR,ENSG00000170909,-0.72,2.43E-03,5.88E-02
USP10,ENSG00000103194,-0.73,4.07E-03,7.45E-02
STRN4,ENSG00000090372,-0.73,1.12E-03,4.41E-02
KCNK6,ENSG00000099337,-0.73,6.30E-03,8.49E-02
PAM,ENSG00000145730,-0.73,1.79E-03,5.09E-02
PKN1,ENSG00000123143,-0.73,2.20E-03,5.18E-02
TBXAS1,ENSG00000059377,-0.73,2.21E-03,5.62E-02
B3GNT5,ENSG00000176597,-0.73,1.66E-03,4.67E-02
ACAP1,ENSG00000072818,-0.74,1.03E-03,4.08E-02
YWHAH,ENSG00000128245,-0.74,7.81E-03,9.22E-02
ZNF611,ENSG00000213020,-0.74,6.41E-03,9.05E-02
GBGT1,ENSG00000148288,-0.74,2.59E-03,6.20E-02
EIF4A3,ENSG00000141543,-0.74,4.24E-03,7.87E-02
PDX1,ENSG00000139515,-0.75,8.59E-03,9.49E-02
FAM214B,ENSG00000005238,-0.75,3.84E-03,6.96E-02
ALDH2,ENSG00000111275,-0.75,4.51E-04,2.93E-02
IL16,ENSG00000172349,-0.75,8.04E-04,3.58E-02
ZNF706,ENSG00000120963,-0.75,5.55E-03,8.83E-02
STXBP2,ENSG00000076944,-0.75,2.58E-03,5.62E-02
KLK3,ENSG00000142515,-0.75,1.68E-03,5.70E-02
RHOG,ENSG00000177105,-0.75,5.21E-03,8.44E-02
CHMP1A,ENSG00000131165,-0.75,5.96E-03,8.80E-02
OAZ2,ENSG00000180304,-0.75,4.99E-03,7.80E-02
C16orf54,ENSG00000185905,-0.75,4.45E-03,7.17E-02
MAEA,ENSG00000090316,-0.75,2.63E-03,5.62E-02
TOMM7,ENSG00000196683,-0.76,6.46E-04,6.67E-02
CRISPLD2,ENSG00000103196,-0.76,2.00E-03,5.53E-02
TPI1,ENSG00000111669,-0.76,3.57E-03,6.67E-02
COMMD4,ENSG00000140365,-0.77,5.52E-05,1.73E-02
GGT1,ENSG00000100031,-0.77,3.21E-03,6.80E-02
F8,ENSG00000185010,-0.77,1.49E-03,7.87E-02
DHRS7,ENSG00000100612,-0.77,5.25E-03,8.57E-02
KLHL21,ENSG00000162413,-0.77,5.40E-03,7.87E-02
CHRAC1,ENSG00000104472,-0.77,6.03E-04,6.43E-02
HK2,ENSG00000159399,-0.77,7.10E-03,9.49E-02
MAX,ENSG00000125952,-0.78,3.78E-03,6.80E-02
MLX,ENSG00000108788,-0.78,3.94E-05,1.35E-02
MAP1S,ENSG00000130479,-0.78,3.53E-03,7.14E-02
SLC44A2,ENSG00000129353,-0.78,9.55E-04,3.76E-02
LTB,ENSG00000227507,-0.78,6.04E-03,9.19E-02
MAP2K6,ENSG00000108984,-0.78,1.09E-03,6.96E-02
AURKAIP1,ENSG00000175756,-0.78,4.58E-03,7.87E-02
TRAPPC1,ENSG00000170043,-0.78,7.00E-04,3.38E-02
NR6A1,ENSG00000148200,-0.78,7.28E-04,5.60E-02
IL6R,ENSG00000160712,-0.78,1.56E-03,4.51E-02
MAPK7,ENSG00000166484,-0.78,2.42E-04,6.94E-02
RCSD1,ENSG00000198771,-0.79,4.47E-05,8.13E-03
JPT1,ENSG00000189159,-0.79,2.12E-03,5.09E-02
ATP5MG,ENSG00000167283,-0.79,5.80E-03,8.45E-02
LSP1,ENSG00000130592,-0.79,3.65E-03,6.58E-02
CYBA,ENSG00000051523,-0.79,3.73E-03,7.15E-02
PGLS,ENSG00000130313,-0.80,3.41E-04,2.42E-02
SPSB3,ENSG00000162032,-0.80,2.04E-04,5.18E-02
NCF1,ENSG00000158517,-0.80,4.30E-03,7.90E-02
ARF5,ENSG00000004059,-0.80,4.51E-04,2.54E-02
DRAP1,ENSG00000175550,-0.80,9.09E-04,3.81E-02
DDAH2,ENSG00000213722,-0.80,1.98E-03,5.70E-02
PCBP3,ENSG00000183570,-0.80,6.79E-03,9.54E-02
GNB2,ENSG00000172354,-0.81,8.82E-04,3.83E-02
DPEP2,ENSG00000167261,-0.81,1.30E-03,7.36E-02
JOSD1,ENSG00000100221,-0.81,1.73E-03,5.00E-02
MYADM,ENSG00000179820,-0.81,1.50E-03,4.91E-02
C4orf3,ENSG00000164096,-0.81,6.57E-03,9.36E-02
CEBPB,ENSG00000172216,-0.81,5.51E-03,8.57E-02
MAST3,ENSG00000099308,-0.82,5.86E-03,8.21E-02
TIMM50,ENSG00000105197,-0.82,4.72E-03,8.35E-02
FAU,ENSG00000149806,-0.82,4.90E-03,8.17E-02
RNF11,ENSG00000123091,-0.82,1.18E-03,4.44E-02
TPM4,ENSG00000167460,-0.82,2.73E-04,2.22E-02
ABHD17A,ENSG00000129968,-0.82,2.81E-03,6.52E-02
TMEM91,ENSG00000142046,-0.82,8.39E-04,7.53E-02
SYNE3,ENSG00000176438,-0.82,6.22E-05,1.90E-02
SRF,ENSG00000112658,-0.83,1.45E-03,5.84E-02
TBC1D10C,ENSG00000175463,-0.83,5.49E-04,9.84E-02
GMIP,ENSG00000089639,-0.83,4.10E-03,7.80E-02
RNF44,ENSG00000146083,-0.83,1.36E-03,4.45E-02
BICD2,ENSG00000185963,-0.83,1.35E-03,5.70E-02
PPM1M,ENSG00000164088,-0.83,1.89E-03,5.00E-02
PGK1,ENSG00000102144,-0.83,5.00E-03,7.66E-02
TAGLN2,ENSG00000158710,-0.83,1.63E-03,4.63E-02
PIM3,ENSG00000198355,-0.83,5.07E-03,8.65E-02
PPM1F,ENSG00000100034,-0.84,3.03E-03,6.68E-02
CFP,ENSG00000126759,-0.84,4.26E-03,7.81E-02
ARHGEF1,ENSG00000076928,-0.84,5.00E-03,8.65E-02
RXRA,ENSG00000186350,-0.84,6.59E-03,8.62E-02
KDM4B,ENSG00000127663,-0.84,2.95E-04,2.12E-02
GRK6,ENSG00000198055,-0.85,3.25E-03,7.13E-02
MED10,ENSG00000133398,-0.85,4.46E-03,9.93E-02
MARCHF2,ENSG00000099785,-0.85,4.68E-04,2.92E-02
EGR3,ENSG00000179388,-0.85,3.19E-03,6.08E-02
MAPKAPK2,ENSG00000162889,-0.85,1.94E-04,1.73E-02
LIMD2,ENSG00000136490,-0.85,7.32E-03,8.94E-02
DGKD,ENSG00000077044,-0.85,2.41E-04,2.24E-02
PRKD2,ENSG00000105287,-0.85,5.94E-03,8.27E-02
PLPPR2,ENSG00000105520,-0.86,2.91E-03,6.37E-02
FAM98C,ENSG00000130244,-0.86,4.81E-03,8.49E-02
VSIR,ENSG00000107738,-0.86,3.50E-03,6.61E-02
ZNF124,ENSG00000196418,-0.86,4.15E-03,7.17E-02
UPP1,ENSG00000183696,-0.86,6.58E-04,3.26E-02
ADM,ENSG00000148926,-0.87,6.75E-03,8.83E-02
S100A11,ENSG00000163191,-0.87,7.65E-03,9.34E-02
ARHGEF40,ENSG00000165801,-0.87,1.23E-03,4.38E-02
SLC16A3,ENSG00000141526,-0.87,3.25E-03,7.13E-02
MOB3A,ENSG00000172081,-0.87,2.43E-03,5.58E-02
SPATA2L,ENSG00000158792,-0.87,4.48E-03,8.21E-02
DOT1L,ENSG00000104885,-0.88,6.96E-03,8.94E-02
ARID3A,ENSG00000116017,-0.88,6.00E-04,2.94E-02
OAZ1,ENSG00000104904,-0.88,5.48E-04,2.83E-02
IMPDH1,ENSG00000106348,-0.88,8.74E-04,3.73E-02
MTPN,ENSG00000105887,-0.88,1.90E-03,4.91E-02
TUBA4A,ENSG00000127824,-0.88,2.38E-03,5.84E-02
ARHGAP4,ENSG00000089820,-0.89,4.17E-03,7.86E-02
SSBP2,ENSG00000145687,-0.90,4.00E-03,7.36E-02
YPEL3,ENSG00000090238,-0.90,1.15E-03,3.80E-02
BCKDK,ENSG00000103507,-0.91,3.85E-04,4.18E-02
RNPEPL1,ENSG00000142327,-0.91,1.09E-03,6.80E-02
PNPLA2,ENSG00000177666,-0.91,7.96E-04,3.58E-02
SH3BGRL3,ENSG00000142669,-0.91,2.80E-03,6.19E-02
HPCAL1,ENSG00000115756,-0.91,2.59E-03,5.62E-02
ENSA,ENSG00000143420,-0.92,8.32E-04,3.61E-02
GPR132,ENSG00000183484,-0.92,6.50E-04,3.55E-02
SYK,ENSG00000165025,-0.92,6.49E-05,8.24E-03
NDUFB1,ENSG00000183648,-0.92,4.94E-03,8.21E-02
PYCARD,ENSG00000103490,-0.92,5.76E-04,3.14E-02
PNP,ENSG00000198805,-0.92,5.57E-03,8.21E-02
SPRY3,ENSG00000168939,-0.92,5.26E-03,9.34E-02
ABHD12B,ENSG00000131969,-0.93,1.24E-03,4.08E-02
R3HDM4,ENSG00000198858,-0.93,6.74E-05,8.66E-03
CFL1,ENSG00000172757,-0.93,3.13E-04,2.42E-02
MAP2K3,ENSG00000034152,-0.93,1.15E-03,3.89E-02
RASGRP2,ENSG00000068831,-0.93,8.02E-04,3.76E-02
ZNF804A,ENSG00000170396,-0.93,2.59E-03,8.65E-02
KDM6B,ENSG00000132510,-0.93,6.18E-03,9.27E-02
THEMIS2,ENSG00000130775,-0.93,3.29E-03,6.77E-02
ITPRIP,ENSG00000148841,-0.94,2.08E-03,5.73E-02
PPP1R15A,ENSG00000087074,-0.94,4.31E-03,7.90E-02
SELPLG,ENSG00000110876,-0.94,1.10E-03,4.30E-02
MLLT1,ENSG00000130382,-0.94,2.37E-03,5.58E-02
ABTB1,ENSG00000114626,-0.94,2.47E-03,5.84E-02
PSTPIP1,ENSG00000140368,-0.94,5.86E-04,3.16E-02
RGS19,ENSG00000171700,-0.95,5.06E-04,3.14E-02
RGL4,ENSG00000159496,-0.95,1.67E-03,4.70E-02
SEMA6B,ENSG00000167680,-0.95,2.54E-03,6.43E-02
PENK,ENSG00000181195,-0.95,5.84E-03,9.93E-02
KCNE1,ENSG00000180509,-0.95,5.29E-05,8.24E-03
HK3,ENSG00000160883,-0.95,1.34E-03,4.43E-02
RTN3,ENSG00000133318,-0.96,2.40E-04,1.91E-02
TKT,ENSG00000163931,-0.96,1.58E-04,1.52E-02
ZYX,ENSG00000159840,-0.96,7.37E-04,3.61E-02
SULT1A1,ENSG00000196502,-0.97,1.23E-03,9.40E-02
AL159141.1,ENSG00000100599,-0.97,5.94E-05,8.66E-03
PGM1,ENSG00000079739,-0.97,1.64E-04,3.76E-02
GYG1,ENSG00000163754,-0.97,2.58E-03,5.90E-02
SYT3,ENSG00000213023,-0.97,4.66E-04,3.81E-02
SLC38A9,ENSG00000177058,-0.97,1.78E-03,5.24E-02
OR10H5,ENSG00000172519,-0.97,2.34E-03,8.50E-02
KBTBD11,ENSG00000176595,-0.98,9.93E-04,4.45E-02
GPSM3,ENSG00000213654,-0.98,4.65E-04,3.01E-02
PIGL,ENSG00000108474,-0.98,1.62E-03,4.91E-02
ENO3,ENSG00000108515,-0.99,6.05E-04,3.25E-02
LST1,ENSG00000204482,-0.99,7.04E-03,9.93E-02
DHTKD1,ENSG00000181192,-0.99,6.82E-04,6.80E-02
IRGQ,ENSG00000167378,-0.99,2.28E-03,5.88E-02
ARHGDIA,ENSG00000141522,-0.99,3.45E-04,2.58E-02
OR2A14,ENSG00000221938,-1.00,3.95E-03,6.43E-02
PFN1,ENSG00000108518,-1.00,5.90E-04,3.29E-02
EPHB6,ENSG00000106123,-1.00,3.91E-03,9.22E-02
TSC22D3,ENSG00000157514,-1.00,1.41E-03,4.53E-02
METRNL,ENSG00000176845,-1.00,2.66E-03,5.67E-02
DUSP2,ENSG00000158050,-1.01,5.29E-03,8.65E-02
THBD,ENSG00000178726,-1.01,2.29E-03,5.27E-02
ESCO2,ENSG00000171320,-1.01,2.00E-03,8.90E-02
MBOAT7,ENSG00000125505,-1.01,1.96E-03,5.54E-02
ATP9B,ENSG00000166377,-1.01,2.73E-03,5.81E-02
WDPCP,ENSG00000143951,-1.01,4.88E-03,8.65E-02
TMEM120A,ENSG00000189077,-1.01,9.63E-05,1.24E-02
PCLAF,ENSG00000166803,-1.01,1.65E-03,8.47E-02
MYL6,ENSG00000092841,-1.02,2.53E-04,2.12E-02
CDKN2D,ENSG00000129355,-1.02,1.98E-03,4.97E-02
PRR7,ENSG00000131188,-1.02,2.59E-03,5.73E-02
LRRC4,ENSG00000128594,-1.02,6.37E-03,8.51E-02
CNTNAP3,ENSG00000106714,-1.02,5.01E-04,2.82E-02
NLRP3,ENSG00000162711,-1.03,2.76E-03,6.44E-02
S1PR4,ENSG00000125910,-1.03,5.71E-04,3.23E-02
ALDOA,ENSG00000149925,-1.03,4.07E-05,6.87E-03
SIRPB2,ENSG00000196209,-1.03,2.86E-04,2.24E-02
SYN1,ENSG00000008056,-1.04,1.88E-03,8.69E-02
TSEN34,ENSG00000170892,-1.04,3.25E-04,2.54E-02
S100A4,ENSG00000196154,-1.04,3.35E-03,7.19E-02
ST6GALNAC3,ENSG00000184005,-1.05,5.59E-03,8.94E-02
PIGN,ENSG00000197563,-1.05,4.71E-03,7.62E-02
OST4,ENSG00000228474,-1.05,4.32E-03,7.72E-02
BIN2,ENSG00000110934,-1.05,5.75E-04,2.94E-02
IER3,ENSG00000137331,-1.05,7.82E-04,3.28E-02
TMEM169,ENSG00000163449,-1.06,2.64E-03,7.66E-02
PLP2,ENSG00000102007,-1.06,6.70E-04,3.21E-02
RAB3D,ENSG00000105514,-1.06,1.00E-04,1.22E-02
C2CD4A,ENSG00000198535,-1.07,2.31E-03,7.14E-02
IMPA2,ENSG00000141401,-1.07,6.29E-04,3.38E-02
RNF144B,ENSG00000137393,-1.08,2.30E-03,5.93E-02
FCN1,ENSG00000085265,-1.08,3.69E-04,5.42E-02
MCEMP1,ENSG00000183019,-1.08,5.50E-04,2.92E-02
ACTG1,ENSG00000184009,-1.08,2.06E-04,1.73E-02
TPST1,ENSG00000169902,-1.08,8.25E-04,3.78E-02
FAM241A,ENSG00000174749,-1.08,3.63E-03,6.55E-02
RCAN1,ENSG00000159200,-1.08,3.98E-05,9.44E-03
RFLNB,ENSG00000183688,-1.08,5.61E-04,5.09E-02
NLRP12,ENSG00000142405,-1.09,4.85E-05,8.13E-03
GAPDH,ENSG00000111640,-1.09,2.01E-04,2.01E-02
CHST1,ENSG00000175264,-1.09,2.95E-03,7.25E-02
RGS14,ENSG00000169220,-1.10,3.21E-04,2.42E-02
SIGLEC10,ENSG00000142512,-1.10,4.02E-04,2.42E-02
AOC3,ENSG00000131471,-1.10,4.26E-04,8.78E-02
COTL1,ENSG00000103187,-1.10,3.19E-05,6.56E-03
BAG1,ENSG00000107262,-1.10,1.50E-03,5.07E-02
IFITM2,ENSG00000185201,-1.10,1.65E-03,4.91E-02
TP53I11,ENSG00000175274,-1.11,5.19E-06,1.87E-03
IL18R1,ENSG00000115604,-1.11,2.06E-03,5.14E-02
CD93,ENSG00000125810,-1.12,2.11E-04,1.95E-02
ZNF66,ENSG00000160229,-1.12,2.47E-03,6.19E-02
SIGLEC6,ENSG00000105492,-1.12,4.55E-03,9.92E-02
NR5A2,ENSG00000116833,-1.12,2.29E-03,9.34E-02
LAMTOR5,ENSG00000134248,-1.13,1.50E-03,4.38E-02
SLC26A10,ENSG00000135502,-1.13,6.65E-04,3.74E-02
OR2A12,ENSG00000221858,-1.13,4.54E-03,8.94E-02
ACPP,ENSG00000014257,-1.14,4.96E-04,6.19E-02
ACTB,ENSG00000075624,-1.14,4.99E-04,3.13E-02
C5AR2,ENSG00000134830,-1.14,4.93E-04,2.68E-02
OR7G2,ENSG00000170923,-1.14,1.90E-03,9.77E-02
GMFG,ENSG00000130755,-1.14,5.03E-04,2.71E-02
FOXG1,ENSG00000176165,-1.15,9.11E-03,9.34E-02
CATSPER1,ENSG00000175294,-1.15,5.86E-04,3.76E-02
IL17RA,ENSG00000177663,-1.15,1.96E-04,1.95E-02
TLNRD1,ENSG00000140406,-1.15,4.45E-04,4.59E-02
MMP9,ENSG00000100985,-1.15,1.63E-03,4.91E-02
AL355916.3,ENSG00000258989,-1.15,4.51E-03,8.45E-02
IL1RL1,ENSG00000115602,-1.16,3.27E-03,6.43E-02
KLF16,ENSG00000129911,-1.17,1.68E-03,8.51E-02
COLEC12,ENSG00000158270,-1.18,7.21E-04,3.55E-02
OR2T33,ENSG00000177212,-1.18,2.34E-03,7.30E-02
PHC2,ENSG00000134686,-1.18,5.49E-06,1.87E-03
MRO,ENSG00000134042,-1.18,1.26E-03,5.00E-02
ATP2A3,ENSG00000074370,-1.18,1.58E-04,1.66E-02
RABAC1,ENSG00000105404,-1.18,4.61E-05,8.13E-03
ASTN2,ENSG00000148219,-1.18,3.61E-03,6.53E-02
AIF1,ENSG00000204472,-1.18,8.72E-04,3.54E-02
CEBPD,ENSG00000221869,-1.19,1.24E-04,1.26E-02
HHLA1,ENSG00000132297,-1.19,1.80E-03,8.57E-02
CCL18,ENSG00000275385,-1.20,2.23E-03,5.86E-02
FJX1,ENSG00000179431,-1.20,3.11E-03,8.44E-02
GABRG2,ENSG00000113327,-1.21,1.30E-03,4.48E-02
C19orf38,ENSG00000214212,-1.21,4.23E-04,4.38E-02
AREG,ENSG00000109321,-1.21,2.34E-03,5.73E-02
TMEM212,ENSG00000186329,-1.21,1.78E-03,5.24E-02
FSIP2,ENSG00000188738,-1.22,2.28E-03,5.84E-02
SAMD12,ENSG00000177570,-1.22,2.24E-03,5.22E-02
IL10,ENSG00000136634,-1.22,3.42E-04,2.37E-02
AATK,ENSG00000181409,-1.22,3.50E-04,2.42E-02
GPR84,ENSG00000139572,-1.22,4.38E-03,8.21E-02
GUCY1A2,ENSG00000152402,-1.23,7.15E-03,8.50E-02
PLBD1,ENSG00000121316,-1.23,1.33E-03,4.82E-02
HMGB2,ENSG00000164104,-1.23,7.36E-04,3.23E-02
CEACAM4,ENSG00000105352,-1.23,6.89E-04,3.55E-02
TMEM130,ENSG00000166448,-1.23,3.16E-03,8.49E-02
SKIDA1,ENSG00000180592,-1.23,1.91E-03,6.72E-02
ROM1,ENSG00000149489,-1.24,2.69E-03,8.65E-02
SOCS3,ENSG00000184557,-1.24,5.68E-04,3.26E-02
BLOC1S6,ENSG00000104164,-1.24,1.05E-03,3.76E-02
LDHA,ENSG00000134333,-1.24,3.15E-04,2.42E-02
PTRH1,ENSG00000187024,-1.25,3.14E-04,4.79E-02
ZNF580,ENSG00000213015,-1.25,1.45E-03,4.91E-02
ATOH8,ENSG00000168874,-1.25,2.19E-03,7.13E-02
CA4,ENSG00000167434,-1.25,2.13E-04,1.99E-02
PAK3,ENSG00000077264,-1.25,3.45E-03,7.90E-02
TSPAN32,ENSG00000064201,-1.25,9.61E-04,7.17E-02
ADGRF2,ENSG00000164393,-1.25,4.21E-03,9.49E-02
MBTPS2,ENSG00000012174,-1.26,3.54E-04,5.32E-02
FRMD4A,ENSG00000151474,-1.26,5.97E-04,3.89E-02
KIAA1328,ENSG00000150477,-1.26,1.88E-03,5.54E-02
SLC15A1,ENSG00000088386,-1.26,2.81E-04,4.08E-02
CCNJL,ENSG00000135083,-1.27,5.68E-05,3.58E-02
SLC26A4,ENSG00000091137,-1.27,1.77E-03,6.42E-02
FAM155A,ENSG00000204442,-1.28,7.80E-03,8.78E-02
ZBED9,ENSG00000232040,-1.28,1.88E-03,7.55E-02
ICAM3,ENSG00000076662,-1.28,9.98E-05,1.26E-02
PLD5,ENSG00000180287,-1.28,3.05E-03,7.36E-02
SMAP2,ENSG00000084070,-1.29,3.94E-05,6.58E-03
SYN2,ENSG00000157152,-1.29,7.60E-04,4.97E-02
RPS6KA5,ENSG00000100784,-1.30,5.56E-05,2.68E-02
KPNA5,ENSG00000196911,-1.30,3.62E-04,4.08E-02
MAP2K1,ENSG00000169032,-1.30,1.52E-06,6.93E-04
CMTM2,ENSG00000140932,-1.30,5.51E-04,3.21E-02
SCRT2,ENSG00000215397,-1.30,3.65E-03,8.90E-02
ITPRID1,ENSG00000180347,-1.31,1.64E-04,3.26E-02
SLC11A1,ENSG00000018280,-1.31,1.54E-04,1.73E-02
OSM,ENSG00000099985,-1.31,5.07E-04,2.94E-02
CPE,ENSG00000109472,-1.31,3.76E-03,9.02E-02
CORO1A,ENSG00000102879,-1.32,5.22E-06,1.87E-03
PNPLA3,ENSG00000100344,-1.32,2.28E-03,7.25E-02
DDIT4,ENSG00000168209,-1.32,5.85E-05,8.22E-03
TSPO,ENSG00000100300,-1.32,5.35E-06,1.87E-03
CLEC4F,ENSG00000152672,-1.32,6.79E-03,8.63E-02
PDGFC,ENSG00000145431,-1.32,1.68E-04,5.78E-02
SLC13A2,ENSG00000007216,-1.33,7.91E-03,9.54E-02
SCGB3A2,ENSG00000164265,-1.33,7.01E-04,3.23E-02
SLC22A9,ENSG00000149742,-1.34,1.63E-03,8.27E-02
CCND3,ENSG00000112576,-1.34,1.62E-07,1.94E-04
PCDH11Y,ENSG00000099715,-1.35,3.26E-03,7.80E-02
FKBP8,ENSG00000105701,-1.35,5.70E-05,8.22E-03
PCDHB9,ENSG00000177839,-1.35,5.19E-03,9.49E-02
PCTP,ENSG00000141179,-1.35,3.82E-07,1.87E-03
CHST13,ENSG00000180767,-1.36,3.21E-04,3.06E-02
MLIP,ENSG00000146147,-1.36,1.54E-03,5.84E-02
GPA33,ENSG00000143167,-1.36,5.53E-03,7.80E-02
ZNF366,ENSG00000178175,-1.37,1.79E-03,7.17E-02
PFKFB2,ENSG00000123836,-1.37,2.56E-04,2.22E-02
ADAP1,ENSG00000105963,-1.37,9.85E-05,1.26E-02
SRRM3,ENSG00000177679,-1.38,5.61E-03,9.67E-02
PRR23C,ENSG00000233701,-1.38,7.88E-03,8.80E-02
C3orf80,ENSG00000180044,-1.38,6.94E-03,8.44E-02
TBPL2,ENSG00000182521,-1.39,1.34E-03,8.45E-02
SCN2B,ENSG00000149575,-1.39,1.15E-03,4.70E-02
MMP25,ENSG00000008516,-1.40,2.00E-04,1.95E-02
GPIHBP1,ENSG00000277494,-1.40,4.69E-03,7.17E-02
PLPP4,ENSG00000203805,-1.40,5.30E-03,9.37E-02
RNF165,ENSG00000141622,-1.41,2.16E-03,7.09E-02
PYGL,ENSG00000100504,-1.41,8.05E-05,1.12E-02
HPGD,ENSG00000164120,-1.41,1.44E-03,7.88E-02
TXNDC2,ENSG00000168454,-1.41,1.55E-03,5.53E-02
MFGE8,ENSG00000140545,-1.42,3.88E-04,5.22E-02
MAST1,ENSG00000105613,-1.42,4.32E-04,4.38E-02
DMRTC1,ENSG00000269502,-1.42,3.64E-03,7.99E-02
FRMD1,ENSG00000153303,-1.42,4.25E-03,6.84E-02
NEFH,ENSG00000100285,-1.43,3.58E-03,7.90E-02
BLK,ENSG00000136573,-1.43,6.15E-04,5.22E-02
FGF10,ENSG00000070193,-1.43,4.17E-04,3.76E-02
MOBP,ENSG00000168314,-1.43,5.81E-04,8.49E-02
IL1R2,ENSG00000115590,-1.44,6.65E-05,9.80E-03
CYSLTR1,ENSG00000173198,-1.44,3.22E-04,2.22E-02
SULT1B1,ENSG00000173597,-1.44,8.50E-05,1.07E-02
ZNF467,ENSG00000181444,-1.44,1.12E-06,6.68E-04
PCDH9,ENSG00000184226,-1.45,8.67E-04,4.51E-02
G6PC2,ENSG00000152254,-1.45,1.74E-03,5.74E-02
OR4F5,ENSG00000186092,-1.45,7.56E-03,9.34E-02
EID2B,ENSG00000176401,-1.45,1.22E-03,7.12E-02
REM1,ENSG00000088320,-1.45,5.68E-03,8.38E-02
FUT9,ENSG00000172461,-1.45,1.43E-03,4.12E-02
SATL1,ENSG00000184788,-1.46,5.92E-04,6.80E-02
GRM4,ENSG00000124493,-1.46,1.64E-03,5.62E-02
NEDD4,ENSG00000069869,-1.46,2.95E-04,2.12E-02
ONECUT1,ENSG00000169856,-1.46,6.99E-04,4.14E-02
DLGAP3,ENSG00000116544,-1.47,2.94E-04,3.23E-02
JDP2,ENSG00000140044,-1.47,3.45E-07,2.31E-04
PITX2,ENSG00000164093,-1.47,2.55E-03,5.70E-02
KCNMB4,ENSG00000135643,-1.47,2.72E-03,7.13E-02
CAT,ENSG00000121691,-1.47,1.58E-05,4.13E-03
MYO7B,ENSG00000169994,-1.48,5.52E-05,1.73E-02
KSR2,ENSG00000171435,-1.48,8.16E-04,4.08E-02
GOLGA6L7,ENSG00000261649,-1.49,1.28E-03,5.54E-02
FUT7,ENSG00000180549,-1.49,2.53E-04,4.59E-02
TMEM45A,ENSG00000181458,-1.49,4.21E-04,2.42E-02
RGS18,ENSG00000150681,-1.49,6.83E-03,8.69E-02
SPC25,ENSG00000152253,-1.49,6.81E-04,6.80E-02
FAM9A,ENSG00000183304,-1.50,2.34E-03,7.36E-02
DIO2,ENSG00000211448,-1.50,2.81E-03,8.80E-02
SLC13A1,ENSG00000081800,-1.50,2.10E-03,7.80E-02
TDRD12,ENSG00000173809,-1.51,8.61E-04,4.14E-02
HTN3,ENSG00000205649,-1.51,9.00E-04,3.74E-02
GABRB2,ENSG00000145864,-1.52,3.30E-03,7.81E-02
SLC6A11,ENSG00000132164,-1.52,2.50E-03,6.82E-02
KCNN2,ENSG00000080709,-1.52,6.47E-04,8.80E-02
PCDH15,ENSG00000150275,-1.52,1.30E-03,6.16E-02
CSNKA2IP,ENSG00000283434,-1.53,1.97E-04,2.22E-02
EGR1,ENSG00000120738,-1.53,1.64E-04,1.56E-02
CDH12,ENSG00000154162,-1.53,2.73E-03,7.87E-02
TULP1,ENSG00000112041,-1.53,1.57E-03,5.96E-02
GRB10,ENSG00000106070,-1.53,2.07E-07,1.94E-04
MAB21L3,ENSG00000173212,-1.54,3.18E-04,2.42E-02
NR2F1,ENSG00000175745,-1.54,1.32E-03,5.09E-02
RHOXF2B,ENSG00000203989,-1.54,6.97E-03,8.65E-02
MORC4,ENSG00000133131,-1.54,4.16E-04,2.83E-02
LTB4R,ENSG00000213903,-1.54,3.59E-07,3.07E-04
PDE1C,ENSG00000154678,-1.54,3.20E-03,9.33E-02
COL24A1,ENSG00000171502,-1.54,3.21E-03,8.49E-02
GREB1,ENSG00000196208,-1.55,6.74E-04,5.34E-02
EFNA3,ENSG00000143590,-1.55,3.23E-03,7.80E-02
OR4F17,ENSG00000176695,-1.55,5.61E-04,2.93E-02
CNR1,ENSG00000118432,-1.55,4.21E-03,8.65E-02
TRIM63,ENSG00000158022,-1.56,2.58E-03,5.73E-02
ANKRD34A,ENSG00000272031,-1.56,2.14E-03,6.37E-02
SLC17A7,ENSG00000104888,-1.56,4.89E-04,5.78E-02
PPP1R1B,ENSG00000131771,-1.56,1.79E-03,8.52E-02
ARL5C,ENSG00000141748,-1.57,2.50E-03,8.45E-02
COL9A2,ENSG00000049089,-1.57,5.72E-05,3.61E-02
PLCXD3,ENSG00000182836,-1.57,3.31E-04,3.55E-02
CNTNAP3C,ENSG00000283378,-1.57,1.15E-03,7.81E-02
ADAM11,ENSG00000073670,-1.57,3.01E-03,9.04E-02
CDA,ENSG00000158825,-1.59,6.85E-05,9.87E-03
NMNAT3,ENSG00000163864,-1.59,3.06E-04,2.42E-02
CFD,ENSG00000197766,-1.59,1.19E-05,3.88E-03
LGR5,ENSG00000139292,-1.60,3.09E-03,7.62E-02
IGSF1,ENSG00000147255,-1.60,6.80E-04,4.08E-02
TNNI1,ENSG00000159173,-1.60,1.47E-03,5.32E-02
SLC30A8,ENSG00000164756,-1.60,3.56E-03,8.83E-02
ALOX15B,ENSG00000179593,-1.60,1.17E-04,1.81E-02
ITGBL1,ENSG00000198542,-1.60,8.47E-03,9.43E-02
ZIC5,ENSG00000139800,-1.60,5.58E-03,8.27E-02
GKN1,ENSG00000169605,-1.61,6.94E-03,8.60E-02
KCNK9,ENSG00000169427,-1.61,2.23E-03,5.14E-02
ADRA1A,ENSG00000120907,-1.61,1.55E-03,6.77E-02
SIGLEC12,ENSG00000254521,-1.62,1.39E-04,2.71E-02
PLPP7,ENSG00000160539,-1.62,6.64E-04,3.74E-02
ARHGDIB,ENSG00000111348,-1.62,5.83E-06,1.87E-03
ARMC12,ENSG00000157343,-1.62,3.36E-03,7.80E-02
CACNA1B,ENSG00000148408,-1.62,3.25E-03,6.04E-02
FAM205A,ENSG00000205108,-1.63,8.56E-03,9.49E-02
OR2T6,ENSG00000198104,-1.63,3.84E-03,6.67E-02
NKG7,ENSG00000105374,-1.63,2.57E-05,6.55E-03
CYYR1,ENSG00000166265,-1.63,1.59E-03,6.96E-02
RBP7,ENSG00000162444,-1.64,1.43E-04,2.42E-02
MYT1,ENSG00000196132,-1.64,7.61E-04,4.97E-02
PDGFB,ENSG00000100311,-1.64,3.92E-04,7.07E-02
TEK,ENSG00000120156,-1.64,7.88E-03,9.04E-02
CADM3,ENSG00000162706,-1.64,8.94E-03,9.72E-02
THBS1,ENSG00000137801,-1.65,2.31E-05,5.40E-03
FBXO43,ENSG00000156509,-1.65,1.16E-03,5.82E-02
PTMS,ENSG00000159335,-1.66,1.29E-04,1.52E-02
CECR2,ENSG00000099954,-1.66,2.14E-04,2.43E-02
CHRM3,ENSG00000133019,-1.66,1.67E-03,5.68E-02
AL445423.3,ENSG00000286231,-1.66,1.96E-05,6.56E-03
GRID1,ENSG00000182771,-1.67,5.16E-03,7.67E-02
ABCA8,ENSG00000141338,-1.67,4.04E-03,9.34E-02
OPN5,ENSG00000124818,-1.67,7.74E-04,3.93E-02
CADM2,ENSG00000175161,-1.68,2.70E-03,8.65E-02
UNC5D,ENSG00000156687,-1.68,2.13E-03,5.24E-02
PPP2R2C,ENSG00000074211,-1.68,9.13E-04,4.19E-02
GJD2,ENSG00000159248,-1.68,5.56E-04,3.55E-02
AL512310.1,ENSG00000182652,-1.68,2.52E-03,6.84E-02
EIF4E1B,ENSG00000175766,-1.69,1.60E-03,6.80E-02
CHST10,ENSG00000115526,-1.69,4.38E-03,8.81E-02
SAA1,ENSG00000173432,-1.69,5.99E-04,3.26E-02
NTNG1,ENSG00000162631,-1.71,6.17E-04,3.61E-02
ZBTB16,ENSG00000109906,-1.71,9.32E-07,3.92E-03
KIF3C,ENSG00000084731,-1.71,1.58E-08,7.14E-05
CAMK2A,ENSG00000070808,-1.71,3.28E-03,7.80E-02
CYLC2,ENSG00000155833,-1.72,1.08E-03,4.67E-02
H2AL1RP,ENSG00000229674,-1.72,1.84E-03,5.78E-02
OR10K1,ENSG00000173285,-1.72,1.34E-04,3.26E-02
LRFN5,ENSG00000165379,-1.72,7.13E-03,8.65E-02
C11orf96,ENSG00000187479,-1.73,2.59E-05,2.42E-02
GFRA2,ENSG00000168546,-1.73,2.31E-05,6.90E-03
WDR72,ENSG00000166415,-1.73,5.11E-04,5.85E-02
ECHDC3,ENSG00000134463,-1.73,2.64E-07,1.14E-03
CNTNAP3B,ENSG00000154529,-1.73,1.30E-05,5.40E-03
PGLYRP1,ENSG00000008438,-1.73,3.89E-05,1.38E-02
COL23A1,ENSG00000050767,-1.74,2.41E-03,8.30E-02
JPH4,ENSG00000092051,-1.75,1.05E-03,3.76E-02
TSPAN7,ENSG00000156298,-1.75,5.93E-04,3.58E-02
ANGPTL4,ENSG00000167772,-1.76,1.29E-05,7.23E-03
CNTNAP5,ENSG00000155052,-1.76,7.23E-04,3.81E-02
C1orf162,ENSG00000143110,-1.76,1.75E-07,1.94E-04
NDST4,ENSG00000138653,-1.77,1.76E-03,5.70E-02
GOLGA6L2,ENSG00000174450,-1.77,3.82E-04,3.58E-02
UROC1,ENSG00000159650,-1.77,2.99E-03,6.08E-02
CD177,ENSG00000204936,-1.78,7.06E-03,9.02E-02
DACH2,ENSG00000126733,-1.78,1.59E-03,6.80E-02
NTRK3,ENSG00000140538,-1.78,9.82E-05,2.33E-02
KNG1,ENSG00000113889,-1.80,8.21E-03,8.94E-02
TWIST1,ENSG00000122691,-1.80,4.69E-03,9.05E-02
ANK1,ENSG00000029534,-1.81,4.75E-04,3.58E-02
FGFR4,ENSG00000160867,-1.81,3.43E-03,9.61E-02
FBN2,ENSG00000138829,-1.82,5.32E-07,4.45E-04
MUC22,ENSG00000261272,-1.82,8.15E-03,9.19E-02
TBC1D8B,ENSG00000133138,-1.83,7.14E-05,1.00E-02
CPS1,ENSG00000021826,-1.84,6.67E-04,4.79E-02
CHRD,ENSG00000090539,-1.84,5.18E-05,1.08E-02
PADI4,ENSG00000159339,-1.84,2.13E-07,2.13E-04
SLC30A10,ENSG00000196660,-1.85,1.47E-03,4.43E-02
GPR176,ENSG00000166073,-1.86,1.96E-03,5.09E-02
BMX,ENSG00000102010,-1.86,2.83E-04,3.73E-02
TESC,ENSG00000088992,-1.87,1.67E-05,1.05E-02
POU6F2,ENSG00000106536,-1.89,4.03E-04,4.21E-02
MRGPRX3,ENSG00000179826,-1.89,2.07E-04,2.24E-02
AMDHD1,ENSG00000139344,-1.89,7.28E-06,2.04E-03
CERCAM,ENSG00000167123,-1.89,2.61E-04,3.89E-02
CPNE4,ENSG00000196353,-1.90,1.74E-03,7.13E-02
S100A12,ENSG00000163221,-1.90,1.22E-03,4.51E-02
IQSEC3,ENSG00000120645,-1.91,2.16E-03,6.42E-02
ACSM5,ENSG00000183549,-1.91,4.17E-04,8.65E-02
ADCYAP1,ENSG00000141433,-1.92,4.00E-03,6.46E-02
RSPO3,ENSG00000146374,-1.92,7.97E-03,8.83E-02
EPHA7,ENSG00000135333,-1.94,4.83E-03,7.80E-02
EXD1,ENSG00000178997,-1.94,1.50E-03,5.29E-02
PAX6,ENSG00000007372,-1.94,5.84E-04,5.09E-02
STAC,ENSG00000144681,-1.94,2.78E-04,7.25E-02
GAD2,ENSG00000136750,-1.95,1.77E-05,8.22E-03
KIF5C,ENSG00000168280,-1.96,8.48E-05,1.76E-02
LGI2,ENSG00000153012,-1.96,5.76E-03,8.44E-02
SLC4A3,ENSG00000114923,-1.98,6.69E-04,3.74E-02
PNMA8B,ENSG00000204851,-1.98,1.32E-03,5.09E-02
CHIA,ENSG00000134216,-1.98,2.86E-03,8.83E-02
NEFM,ENSG00000104722,-1.98,1.92E-03,5.92E-02
AC005726.1,ENSG00000258472,-1.98,2.12E-05,1.24E-02
RASGEF1C,ENSG00000146090,-1.98,1.25E-03,4.99E-02
SLC40A1,ENSG00000138449,-1.99,2.17E-06,3.41E-03
PDE10A,ENSG00000112541,-1.99,4.35E-04,4.38E-02
ADARB2,ENSG00000185736,-2.01,1.30E-05,8.22E-03
RUNX1T1,ENSG00000079102,-2.02,1.52E-03,6.70E-02
ETNPPL,ENSG00000164089,-2.02,5.08E-05,2.83E-02
PON1,ENSG00000005421,-2.02,3.72E-03,8.27E-02
RAB33A,ENSG00000134594,-2.03,1.17E-04,2.42E-02
KCNA4,ENSG00000182255,-2.03,3.13E-03,6.25E-02
SGCA,ENSG00000108823,-2.04,1.64E-03,5.62E-02
AGMO,ENSG00000187546,-2.05,1.07E-04,2.68E-02
COL9A1,ENSG00000112280,-2.06,4.50E-04,3.76E-02
AC135050.2,ENSG00000255439,-2.08,3.47E-03,9.67E-02
TRIM43B,ENSG00000144010,-2.08,5.48E-03,7.80E-02
GABRA1,ENSG00000022355,-2.09,3.11E-05,9.20E-03
SMIM10,ENSG00000184785,-2.10,4.58E-03,7.13E-02
DYTN,ENSG00000232125,-2.10,7.29E-03,9.22E-02
STK32B,ENSG00000152953,-2.12,2.04E-03,6.17E-02
FKBP5,ENSG00000096060,-2.12,1.90E-09,5.51E-06
GUCY2D,ENSG00000132518,-2.12,3.62E-03,9.93E-02
AIF1L,ENSG00000126878,-2.12,7.65E-04,4.98E-02
AC011511.4,ENSG00000267303,-2.15,1.62E-04,2.42E-02
VXN,ENSG00000169085,-2.15,3.38E-03,7.87E-02
POTEF,ENSG00000196604,-2.15,9.95E-04,3.58E-02
GASK1A,ENSG00000144649,-2.15,8.22E-03,9.34E-02
TDRD10,ENSG00000163239,-2.16,1.10E-03,3.74E-02
RETN,ENSG00000104918,-2.16,4.64E-04,5.93E-02
UNC13A,ENSG00000130477,-2.16,2.01E-03,4.91E-02
FOLR3,ENSG00000110203,-2.18,1.56E-06,7.98E-04
PTPRB,ENSG00000127329,-2.18,1.24E-04,1.90E-02
LGI1,ENSG00000108231,-2.19,5.89E-06,4.49E-03
KRTAP4-16,ENSG00000241241,-2.19,1.09E-06,4.13E-03
HTR3E,ENSG00000186038,-2.20,1.55E-03,4.38E-02
MDGA2,ENSG00000139915,-2.20,4.32E-05,9.80E-03
CADPS,ENSG00000163618,-2.20,9.02E-05,4.30E-02
OR2AP1,ENSG00000179615,-2.20,9.41E-05,4.38E-02
H2BW2,ENSG00000101812,-2.21,4.85E-03,7.13E-02
CCDC144NL,ENSG00000205212,-2.23,1.85E-04,2.37E-02
RSPO1,ENSG00000169218,-2.26,1.21E-03,5.88E-02
PCDH10,ENSG00000138650,-2.29,1.46E-03,4.43E-02
DAB1,ENSG00000173406,-2.30,4.36E-04,3.76E-02
TMEM233,ENSG00000224982,-2.30,5.57E-04,2.83E-02
GABRG3,ENSG00000182256,-2.34,5.35E-03,9.63E-02
NTRK2,ENSG00000148053,-2.39,4.05E-03,6.52E-02
CSF3,ENSG00000108342,-2.41,2.90E-06,1.87E-03
SOD3,ENSG00000109610,-2.42,2.88E-04,1.95E-02
IGSF21,ENSG00000117154,-2.45,4.79E-04,3.26E-02
CSRNP3,ENSG00000178662,-2.46,6.11E-04,3.58E-02
NRXN2,ENSG00000110076,-2.47,1.34E-04,2.24E-02
TMIGD3,ENSG00000121933,-2.48,5.95E-06,5.40E-03
GRM3,ENSG00000198822,-2.53,7.34E-04,3.23E-02
STXBP5L,ENSG00000145087,-2.54,2.48E-03,5.32E-02
WDR64,ENSG00000162843,-2.56,6.09E-03,7.87E-02
FAM78B,ENSG00000188859,-2.59,2.80E-03,5.70E-02
LAMC3,ENSG00000050555,-2.59,2.58E-03,5.73E-02
ARG1,ENSG00000118520,-2.60,2.38E-07,2.13E-04
FABP4,ENSG00000170323,-2.62,3.21E-05,6.19E-03
GOLGA8G,ENSG00000183629,-2.62,1.75E-04,2.06E-02
CT55,ENSG00000169551,-2.63,3.85E-03,8.44E-02
SPEGNB,ENSG00000286095,-2.64,1.47E-05,6.56E-03
NPPC,ENSG00000163273,-2.65,8.66E-04,5.14E-02
CLCN1,ENSG00000188037,-2.69,4.30E-03,7.30E-02
KLF14,ENSG00000266265,-2.71,3.31E-03,5.84E-02
LCNL1,ENSG00000214402,-2.71,2.44E-03,5.62E-02
AOX1,ENSG00000138356,-2.72,2.77E-03,7.80E-02
DPPA2,ENSG00000163530,-2.73,3.93E-05,8.22E-03
IL22RA2,ENSG00000164485,-2.76,4.50E-03,7.14E-02
ESRRB,ENSG00000119715,-2.80,6.70E-03,8.88E-02
FIGN,ENSG00000182263,-2.84,2.51E-03,8.47E-02
IL1RAPL1,ENSG00000169306,-2.88,4.81E-03,7.28E-02
ADGRL3,ENSG00000150471,-2.93,2.62E-03,8.57E-02
LDB2,ENSG00000169744,-2.93,2.53E-04,3.04E-02
POU4F2,ENSG00000151615,-2.96,8.24E-04,3.23E-02
SLC12A5,ENSG00000124140,-2.96,2.51E-08,4.50E-05
ANKRD30BL,ENSG00000163046,-2.97,2.37E-07,3.73E-04
DAAM2,ENSG00000146122,-2.97,1.21E-09,3.40E-05
OLAH,ENSG00000152463,-3.04,6.94E-13,3.54E-09
STON1-GTF2A1L,ENSG00000068781,-3.05,3.05E-03,5.82E-02
PKLR,ENSG00000143627,-3.07,4.96E-03,7.36E-02
OR9G1,ENSG00000174914,-3.09,2.59E-04,2.42E-02
TRPM1,ENSG00000134160,-3.09,2.35E-03,8.21E-02
GABRA4,ENSG00000109158,-3.10,2.54E-03,5.70E-02
THBS2,ENSG00000186340,-3.10,8.89E-04,4.21E-02
ELAVL3,ENSG00000196361,-3.13,7.07E-06,4.13E-03
HOXB13,ENSG00000159184,-3.13,1.65E-05,5.40E-03
KRT79,ENSG00000185640,-3.17,2.04E-03,4.79E-02
SPSB4,ENSG00000175093,-3.20,7.33E-03,8.87E-02
ENPEP,ENSG00000138792,-3.20,1.64E-03,5.62E-02
GPC5,ENSG00000179399,-3.22,9.52E-03,9.54E-02
SHISAL2B,ENSG00000145642,-3.29,3.39E-03,7.87E-02
ADAMTS18,ENSG00000140873,-3.39,1.58E-03,4.19E-02
PCSK5,ENSG00000099139,-3.51,8.15E-07,5.56E-04
CXCL12,ENSG00000107562,-3.51,3.20E-03,5.78E-02
SLITRK3,ENSG00000121871,-3.52,1.26E-03,3.93E-02
PIWIL1,ENSG00000125207,-3.58,7.60E-04,3.23E-02
CERS3,ENSG00000154227,-3.71,5.31E-04,3.74E-02
MYO18B,ENSG00000133454,-3.71,6.93E-04,3.11E-02
ANHX,ENSG00000227059,-3.77,6.69E-03,8.57E-02
ASTN1,ENSG00000152092,-3.86,2.13E-03,5.07E-02
TENM3,ENSG00000218336,-3.89,8.79E-04,5.17E-02
PSMA8,ENSG00000154611,-4.06,2.80E-03,8.80E-02
TBX5,ENSG00000089225,-4.59,9.39E-03,9.90E-02
PRTG,ENSG00000166450,-5.00,2.60E-04,2.42E-02
SMOC2,ENSG00000112562,-5.17,8.45E-03,9.93E-02
HTR5A,ENSG00000157219,-5.67,1.12E-03,3.61E-02
MMP27,ENSG00000137675,-7.69,5.71E-03,7.87E-02